player1,player2,winner,total_moves,player1_avg_time,player2_avg_time,timestamp,game_length_category
AlphaBeta,DQN,player1,9,0.5467687606811523,0.0011631846427917,2025-12-15T17:58:09.312958,Short
DQN,AlphaBeta,player2,12,0.0014739831288655,0.9827102422714232,2025-12-15T17:58:15.218063,Short
AlphaBeta,DQN,player1,9,0.536756944656372,0.0009213685989379,2025-12-15T17:58:17.907165,Short
DQN,AlphaBeta,player2,12,0.0011525948842366,0.9785053332646688,2025-12-15T17:58:23.785112,Short
AlphaBeta,DQN,player1,9,0.536094331741333,0.0010426044464111,2025-12-15T17:58:26.470789,Short
DQN,AlphaBeta,player2,12,0.0006970564524332,0.9902846415837606,2025-12-15T17:58:32.420434,Short
AlphaBeta,DQN,player1,9,0.5364128112792969,0.0016044378280639,2025-12-15T17:58:35.108916,Short
DQN,AlphaBeta,player2,12,0.0008785724639892,0.9887688557306924,2025-12-15T17:58:41.047375,Short
AlphaBeta,DQN,player1,9,0.5417610168457031,0.0014604330062866,2025-12-15T17:58:43.762609,Short
DQN,AlphaBeta,player2,12,0.0009858210881551,0.983954668045044,2025-12-15T17:58:49.673925,Short
AlphaBeta,DQN,player1,9,0.5404539108276367,0.0011442303657531,2025-12-15T17:58:52.381857,Short
DQN,AlphaBeta,player2,12,0.0012515783309936,0.993666132291158,2025-12-15T17:58:58.352902,Short
AlphaBeta,DQN,player1,9,0.5454086303710938,0.0013264417648315,2025-12-15T17:59:01.086265,Short
DQN,AlphaBeta,player2,12,0.0009455283482869,0.9929222663243612,2025-12-15T17:59:07.049472,Short
AlphaBeta,DQN,player1,9,0.53968505859375,0.0014863014221191,2025-12-15T17:59:09.754864,Short
DQN,AlphaBeta,player2,12,0.0011436939239501,0.9930715958277384,2025-12-15T17:59:15.720701,Short
AlphaBeta,DQN,player1,9,0.5535430908203125,0.0010833740234375,2025-12-15T17:59:18.493338,Short
DQN,AlphaBeta,player2,12,0.0016963879267374,1.0061072905858357,2025-12-15T17:59:24.540160,Short
AlphaBeta,DQN,player1,9,0.5475976467132568,0.0015676617622375,2025-12-15T17:59:27.284419,Short
DQN,AlphaBeta,player2,12,0.0015351772308349,0.9950556755065918,2025-12-15T17:59:33.263964,Short
AlphaBeta,DQN,player1,9,0.5449727535247803,0.0015726685523986,2025-12-15T17:59:35.995785,Short
DQN,AlphaBeta,player2,12,0.0014732678731282,1.000581940015157,2025-12-15T17:59:42.009663,Short
AlphaBeta,DQN,player1,9,0.5461317539215088,0.001677393913269,2025-12-15T17:59:44.747698,Short
DQN,AlphaBeta,player2,12,0.0011425018310546,1.009064793586731,2025-12-15T17:59:50.810013,Short
AlphaBeta,DQN,player1,9,0.5339595317840576,0.001726746559143,2025-12-15T17:59:53.486717,Short
DQN,AlphaBeta,player2,12,0.001292069753011,0.9812632004419962,2025-12-15T17:59:59.382049,Short
AlphaBeta,DQN,player1,9,0.538241195678711,0.0016736984252929,2025-12-15T18:00:02.081018,Short
DQN,AlphaBeta,player2,12,0.001593271891276,0.9847653309504192,2025-12-15T18:00:07.999716,Short
AlphaBeta,DQN,player1,9,0.5384512901306152,0.0016790032386779,2025-12-15T18:00:10.698689,Short
DQN,AlphaBeta,player2,12,0.0015451908111572,0.9897672335306804,2025-12-15T18:00:16.646563,Short
AlphaBeta,DQN,player1,9,0.544596815109253,0.0010488629341125,2025-12-15T18:00:19.374762,Short
DQN,AlphaBeta,player2,12,0.0015689531962076,0.9878175258636476,2025-12-15T18:00:25.311081,Short
AlphaBeta,DQN,player1,9,0.5353199005126953,0.0015398263931274,2025-12-15T18:00:27.994893,Short
DQN,AlphaBeta,player2,12,0.0013450781504313,0.9807048638661704,2025-12-15T18:00:33.889749,Short
DQN,Greedy,player2,12,0.0009502569834391,9.45727030436198e-05,2025-12-15T18:00:33.897028,Short
Greedy,DQN,player1,11,0.0001683632532755,0.0008190155029296,2025-12-15T18:00:33.902697,Short
DQN,Greedy,player2,12,0.0005867878595987,0.0001667737960815,2025-12-15T18:00:33.907745,Short
Greedy,DQN,player1,11,0.0001684029897054,0.0004124164581298,2025-12-15T18:00:33.913618,Short
DQN,Greedy,player2,12,0.0006866455078125,0.0001595815022786,2025-12-15T18:00:33.918695,Short
Greedy,DQN,player1,11,0.000281016031901,0.0004311561584472,2025-12-15T18:00:33.923573,Short
DQN,Greedy,player2,12,0.000771681467692,0.0,2025-12-15T18:00:33.929349,Short
Greedy,DQN,player1,11,0.0,0.0011899948120117,2025-12-15T18:00:33.935299,Short
DQN,Greedy,player2,12,0.0006932020187377,8.789698282877605e-05,2025-12-15T18:00:33.942018,Short
Greedy,DQN,player1,11,0.0001666943232218,0.0008220672607421,2025-12-15T18:00:33.947662,Short
DQN,Greedy,player2,12,0.0007218519846598,0.0,2025-12-15T18:00:33.953517,Short
Greedy,DQN,player1,11,0.0001759529113769,0.0008166313171386,2025-12-15T18:00:33.959693,Short
DQN,Greedy,player2,12,0.0006666978200276,0.0,2025-12-15T18:00:33.966158,Short
Greedy,DQN,player1,11,0.0001684824625651,0.0004359245300292,2025-12-15T18:00:33.970862,Short
DQN,Greedy,player2,12,0.0007280508677164,0.0002581278483072,2025-12-15T18:00:33.977793,Short
Greedy,DQN,player1,11,0.0005909204483032,0.0003229618072509,2025-12-15T18:00:33.982954,Short
DQN,Greedy,player2,12,0.0007723569869995,0.0,2025-12-15T18:00:33.988097,Short
Greedy,DQN,player1,11,0.0001678069432576,0.0004084587097167,2025-12-15T18:00:33.993231,Short
DQN,Greedy,player2,12,0.0002987384796142,0.0004208485285441,2025-12-15T18:00:33.999077,Short
Greedy,DQN,player1,11,0.0,0.0008300304412841,2025-12-15T18:00:34.003227,Short
DQN,Greedy,player2,12,0.0007643302281697,0.0002537171045939,2025-12-15T18:00:34.009336,Short
Greedy,DQN,player1,11,0.0001686016718546,0.0006218433380126,2025-12-15T18:00:34.014104,Short
DQN,Greedy,player2,12,0.0005197127660115,0.0001679261525472,2025-12-15T18:00:34.020902,Short
Greedy,DQN,player1,11,0.0004208485285441,0.0002998828887939,2025-12-15T18:00:34.025975,Short
DQN,Greedy,player2,12,0.0007946888605753,0.0,2025-12-15T18:00:34.031744,Short
Greedy,DQN,player1,11,0.0,0.0007093429565429,2025-12-15T18:00:34.036326,Short
DQN,Greedy,player2,12,0.0004229148228963,0.0005048513412475,2025-12-15T18:00:34.042901,Short
Greedy,DQN,player1,11,0.0,0.0007077693939208,2025-12-15T18:00:34.048959,Short
DQN,Greedy,player2,12,0.0009318987528483,8.606910705566406e-05,2025-12-15T18:00:34.055067,Short
Greedy,DQN,player1,11,0.0002623796463012,0.0009288311004638,2025-12-15T18:00:34.061285,Short
DQN,Greedy,player2,12,0.0009360313415527,0.0,2025-12-15T18:00:34.066901,Short
Greedy,DQN,player1,11,0.0001107056935628,0.0008574962615966,2025-12-15T18:00:34.071853,Short
DQN,Greedy,player2,12,0.0007611115773518,0.0001667737960815,2025-12-15T18:00:34.078420,Short
Greedy,DQN,player1,11,0.0,0.000599718093872,2025-12-15T18:00:34.082954,Short
Greedy,MCTS-500,player1,9,0.0,0.9411685466766356,2025-12-15T18:00:37.849201,Short
MCTS-500,Greedy,player2,10,1.0391611576080322,0.0,2025-12-15T18:00:43.046143,Short
Greedy,MCTS-500,player1,9,0.0,1.0039293766021729,2025-12-15T18:00:47.064554,Short
MCTS-500,Greedy,player2,10,0.9062869071960448,0.0,2025-12-15T18:00:51.599647,Short
Greedy,MCTS-500,player1,11,0.0,0.7756031513214111,2025-12-15T18:00:55.477663,Short
MCTS-500,Greedy,player2,16,0.8900451362133026,0.0001300871372222,2025-12-15T18:01:02.602475,Short
Greedy,MCTS-500,player1,9,0.0002962112426757,0.9646376967430116,2025-12-15T18:01:06.463574,Short
MCTS-500,Greedy,player2,10,0.7025707721710205,0.0003254890441894,2025-12-15T18:01:09.979650,Short
Greedy,MCTS-500,player1,9,0.0003218650817871,0.9593961238861084,2025-12-15T18:01:13.820402,Short
MCTS-500,Greedy,player2,10,0.8828710079193115,0.0,2025-12-15T18:01:18.234757,Short
Greedy,MCTS-500,player1,9,0.0003302574157714,0.992145836353302,2025-12-15T18:01:22.206661,Short
MCTS-500,Greedy,player2,10,0.9297611236572264,0.0002107143402099,2025-12-15T18:01:26.857035,Short
Greedy,MCTS-500,player1,9,0.0,1.0838521122932434,2025-12-15T18:01:31.194579,Short
MCTS-500,Greedy,player2,14,0.853318452835083,0.0001635210854666,2025-12-15T18:01:37.171107,Short
Greedy,MCTS-500,player1,9,0.0003145694732666,1.265808403491974,2025-12-15T18:01:42.236965,Short
MCTS-500,Greedy,player2,10,0.7979306697845459,0.000102424621582,2025-12-15T18:01:46.227131,Short
Greedy,MCTS-500,player1,9,0.0007092952728271,0.9534487128257751,2025-12-15T18:01:50.045475,Short
MCTS-500,Greedy,player2,10,0.8513938903808593,0.0005092144012451,2025-12-15T18:01:54.306063,Short
Greedy,MCTS-500,player1,9,0.0004181385040283,0.9872509241104126,2025-12-15T18:01:58.257697,Short
MCTS-500,Greedy,player2,12,0.8711448907852173,0.0006024440129597,2025-12-15T18:02:03.488181,Short
Greedy,MCTS-500,player1,11,0.0001666545867919,1.023639726638794,2025-12-15T18:02:08.607380,Short
MCTS-500,Greedy,player2,10,0.8274582386016845,0.0002026081085205,2025-12-15T18:02:12.747761,Short
Greedy,MCTS-500,player1,13,0.0002284731183733,0.9607423941294352,2025-12-15T18:02:18.513815,Short
MCTS-500,Greedy,player2,10,0.7084147453308105,0.0002144813537597,2025-12-15T18:02:22.058972,Short
Greedy,MCTS-500,player1,11,0.0005261898040771,1.0396859645843506,2025-12-15T18:02:27.261143,Short
MCTS-500,Greedy,player2,14,0.8384344237191337,0.0002963542938232,2025-12-15T18:02:33.133267,Short
Greedy,MCTS-500,player1,9,0.0,1.047647476196289,2025-12-15T18:02:37.323857,Short
MCTS-500,Greedy,player2,10,0.9485759258270264,0.0003188610076904,2025-12-15T18:02:42.068890,Short
Greedy,MCTS-500,player1,9,0.000533390045166,1.044924795627594,2025-12-15T18:02:46.251256,Short
MCTS-500,Greedy,player2,12,1.1086702346801758,0.0001573165257771,2025-12-15T18:02:52.904756,Short
Greedy,MCTS-500,player1,9,0.0,0.982750654220581,2025-12-15T18:02:56.837336,Short
MCTS-500,Greedy,player2,10,0.9415074348449708,0.0002138614654541,2025-12-15T18:03:01.547004,Short
Greedy,MCTS-500,player1,9,0.000519323348999,1.186849057674408,2025-12-15T18:03:06.296996,Short
MCTS-500,Greedy,player2,12,0.7929240862528483,0.0004385312398274,2025-12-15T18:03:11.057172,Short
AlphaBeta,Greedy,player1,57,1.82882049165923,0.0003583175795418,2025-12-15T17:58:59.631946,Medium
Greedy,AlphaBeta,player2,46,0.0002953384233557,1.120483636856079,2025-12-15T17:59:25.412553,Short
AlphaBeta,Greedy,player1,57,1.844667122281831,0.0003280469349452,2025-12-15T18:00:18.919256,Medium
Greedy,AlphaBeta,player2,46,0.0001598337422246,1.1222010799076243,2025-12-15T18:00:44.734596,Short
AlphaBeta,Greedy,player1,57,1.8499495160990749,0.000267037323543,2025-12-15T18:01:38.393337,Medium
Greedy,AlphaBeta,player2,46,0.0003687298816183,1.127776581308116,2025-12-15T18:02:04.342199,Short
AlphaBeta,Greedy,player1,57,1.8631258750783983,0.0003893460546221,2025-12-15T18:02:58.387391,Medium
Greedy,AlphaBeta,player2,46,0.0002523919810419,1.1251466377921726,2025-12-15T18:03:24.274164,Short
AlphaBeta,Greedy,player1,57,1.8398162578714303,0.0003183654376438,2025-12-15T18:04:17.639425,Medium
Greedy,AlphaBeta,player2,46,0.0002334947171418,1.0938626994257388,2025-12-15T18:04:42.808437,Short
AlphaBeta,Greedy,player1,57,1.8082012719121472,0.0002532175609043,2025-12-15T18:05:35.259161,Medium
Greedy,AlphaBeta,player2,46,0.0002988006757653,1.0959610213404116,2025-12-15T18:06:00.474646,Short
AlphaBeta,Greedy,player1,57,1.8252580001436431,0.0002650107656206,2025-12-15T18:06:53.416163,Medium
Greedy,AlphaBeta,player2,46,0.0002360965894616,1.0860096475352412,2025-12-15T18:07:18.400388,Short
AlphaBeta,Greedy,player1,57,1.8036969859024572,0.000242497239794,2025-12-15T18:08:10.716067,Medium
Greedy,AlphaBeta,player2,46,0.0002337331357209,1.09647972687431,2025-12-15T18:08:35.943653,Short
AlphaBeta,Greedy,player1,57,1.808939152750476,0.0005021010126386,2025-12-15T18:09:28.419306,Medium
Greedy,AlphaBeta,player2,46,0.0003138003141983,1.0890083105667778,2025-12-15T18:09:53.476372,Short
AlphaBeta,Greedy,player1,57,1.8077586519307105,0.0003724268504551,2025-12-15T18:10:45.916482,Medium
Greedy,AlphaBeta,player2,46,0.0002677855284317,1.0914158613785454,2025-12-15T18:11:11.026240,Short
AlphaBeta,Greedy,player1,57,1.8003396576848525,0.0003036175455365,2025-12-15T18:12:03.245911,Medium
Greedy,AlphaBeta,player2,46,0.0004155843154243,1.085664116817972,2025-12-15T18:12:28.228994,Short
AlphaBeta,Greedy,player1,57,1.7958766509746682,0.0003026042665754,2025-12-15T18:13:20.320906,Medium
Greedy,AlphaBeta,player2,46,0.0001863293025804,1.097892419151638,2025-12-15T18:13:45.578287,Short
AlphaBeta,Greedy,player1,57,1.7747597201117151,0.0003183398927961,2025-12-15T18:14:37.057271,Medium
Greedy,AlphaBeta,player2,46,0.000328312749448,1.0679266038148298,2025-12-15T18:15:01.630381,Short
AlphaBeta,Greedy,player1,61,1.741918917625181,0.0002837578455607,2025-12-15T18:15:55.639542,Medium
Greedy,AlphaBeta,player2,46,0.0003315158512281,1.031186819076538,2025-12-15T18:16:19.368138,Short
AlphaBeta,Greedy,player1,65,2.262073531295314,0.0005193203687667,2025-12-15T18:17:34.036473,Medium
Greedy,AlphaBeta,player2,46,0.0003171796384065,1.1623633840809695,2025-12-15T18:18:00.782314,Short
AlphaBeta,Greedy,player1,97,1.9101986739100243,0.0002937714258829,2025-12-15T18:19:34.401325,Medium
Greedy,AlphaBeta,player2,46,0.0002961988034455,1.021961896315865,2025-12-15T18:19:57.914839,Short
AlphaBeta,Greedy,player1,53,1.5755259637479428,0.0003426716877863,2025-12-15T18:20:40.465584,Medium
Greedy,AlphaBeta,player2,46,0.0002965097842009,1.0073350616123364,2025-12-15T18:21:03.642149,Short
DQN,Hybrid,player2,12,0.001901110013326,0.2779059410095215,2025-12-15T18:21:05.322019,Short
Hybrid,DQN,player1,13,0.2718755858285086,0.0014336506525675,2025-12-15T18:21:07.233750,Short
DQN,Hybrid,player2,12,0.0012986262639363,0.2795162995656331,2025-12-15T18:21:08.919684,Short
Hybrid,DQN,player1,15,0.3813682198524475,0.0014569759368896,2025-12-15T18:21:11.982365,Short
DQN,Hybrid,player2,12,0.0012987852096557,0.2693986495335896,2025-12-15T18:21:13.608102,Short
Hybrid,DQN,player1,11,0.2595782279968261,0.0013726234436035,2025-12-15T18:21:15.174892,Short
DQN,Hybrid,player2,12,0.0010086297988891,0.2784912586212158,2025-12-15T18:21:16.851891,Short
Hybrid,DQN,player1,17,0.4068941540188259,0.001358151435852,2025-12-15T18:21:20.524804,Short
DQN,Hybrid,player2,12,0.001501441001892,0.2822928826014201,2025-12-15T18:21:22.229105,Short
Hybrid,DQN,player1,15,0.2655015289783478,0.0014144352504185,2025-12-15T18:21:24.363018,Short
DQN,Hybrid,player2,18,0.0014104578230116,0.2645366191864013,2025-12-15T18:21:26.756542,Short
Hybrid,DQN,player1,19,0.3332884550094604,0.0009888013203938,2025-12-15T18:21:30.099831,Short
DQN,Hybrid,player2,12,0.0013025601704915,0.278979738553365,2025-12-15T18:21:31.781525,Short
Hybrid,DQN,player1,13,0.2420493875231061,0.0014028946558634,2025-12-15T18:21:33.487358,Short
DQN,Hybrid,player2,12,0.0014672676722208,0.2700495719909668,2025-12-15T18:21:35.116459,Short
Hybrid,DQN,player1,15,0.2893832623958587,0.0018759114401681,2025-12-15T18:21:37.444657,Short
DQN,Hybrid,player2,14,0.0011828286307198,0.345761946269444,2025-12-15T18:21:39.873270,Short
Hybrid,DQN,player1,13,0.2750698838915144,0.0015362898508707,2025-12-15T18:21:41.811547,Short
DQN,Hybrid,player2,12,0.0015003681182861,0.3032944202423095,2025-12-15T18:21:43.641368,Short
Hybrid,DQN,player1,13,0.2899731227329799,0.0013542970021565,2025-12-15T18:21:45.681245,Short
DQN,Hybrid,player2,12,0.001480221748352,0.277067224184672,2025-12-15T18:21:47.353589,Short
Hybrid,DQN,player1,19,0.3156118631362915,0.0014885001712375,2025-12-15T18:21:50.524664,Short
DQN,Hybrid,player2,16,0.0013719499111175,0.2713477611541748,2025-12-15T18:21:52.706422,Short
Hybrid,DQN,player1,17,0.3016811476813422,0.0015350878238677,2025-12-15T18:21:55.434383,Short
DQN,Hybrid,player2,20,0.0017324686050415,0.2558919668197632,2025-12-15T18:21:58.011175,Short
Hybrid,DQN,player1,13,0.337099484034947,0.001391847928365,2025-12-15T18:22:00.379223,Short
DQN,Hybrid,player2,12,0.0018282731374104,0.2868448098500569,2025-12-15T18:22:02.112814,Short
Hybrid,DQN,player1,13,0.3152423926762172,0.0014354387919108,2025-12-15T18:22:04.329705,Short
DQN,Hybrid,player2,18,0.0013788011338975,0.2679925229814317,2025-12-15T18:22:06.755630,Short
Hybrid,DQN,player1,15,0.2738198339939117,0.0019271033150809,2025-12-15T18:22:08.960301,Short
DQN,Hybrid,player2,12,0.0015133221944173,0.2790300846099853,2025-12-15T18:22:10.643562,Short
Hybrid,DQN,player1,13,0.274512665612357,0.0011295477549235,2025-12-15T18:22:12.574533,Short
DQN,Hybrid,player2,20,0.0012835979461669,0.2979091644287109,2025-12-15T18:22:15.566461,Short
Hybrid,DQN,player1,13,0.2950480324881417,0.0014607111612955,2025-12-15T18:22:17.642675,Short
Greedy,Minimax,player2,46,0.0004511294157608,1.0141571708347483,2025-12-15T18:22:40.980236,Short
Minimax,Greedy,player1,17,0.9600086741977268,0.0003816783428192,2025-12-15T18:22:49.624648,Short
Greedy,Minimax,player2,46,0.0003886637480362,1.0143637346184773,2025-12-15T18:23:12.966536,Short
Minimax,Greedy,player1,17,0.967595206366645,0.0001249909400939,2025-12-15T18:23:21.676496,Short
Greedy,Minimax,player2,46,0.000295991482942,1.0020398264345916,2025-12-15T18:23:44.731224,Short
Minimax,Greedy,player1,21,1.0867629918185149,0.0001087188720703,2025-12-15T18:23:56.687757,Short
Greedy,Minimax,player2,46,0.0001618032870085,1.0241592034049656,2025-12-15T18:24:20.250216,Short
Minimax,Greedy,player1,21,1.1007435538552024,0.0001621961593627,2025-12-15T18:24:32.361086,Short
Greedy,Minimax,player2,46,0.0001828463181205,1.00363594552745,2025-12-15T18:24:55.452111,Short
Minimax,Greedy,player1,17,0.964933474858602,0.0003280639648437,2025-12-15T18:25:04.139137,Short
Greedy,Minimax,player2,46,0.0002540090809697,1.0038724671239438,2025-12-15T18:25:27.235267,Short
Minimax,Greedy,player1,21,1.0836160833185369,0.0002115488052368,2025-12-15T18:25:39.158711,Short
Greedy,Minimax,player2,46,0.0002694751905358,1.0002372472182564,2025-12-15T18:26:02.174089,Short
Minimax,Greedy,player1,21,1.0803451971574265,0.000209617614746,2025-12-15T18:26:14.061519,Short
Greedy,Minimax,player2,46,0.0003937016362729,0.9990369133327318,2025-12-15T18:26:37.049425,Short
Minimax,Greedy,player1,17,0.9620754718780518,0.0001479983329772,2025-12-15T18:26:45.711410,Short
Greedy,Minimax,player2,46,0.0003225492394488,1.0099179122758948,2025-12-15T18:27:08.950041,Short
Minimax,Greedy,player1,17,0.9610893196529812,0.000195562839508,2025-12-15T18:27:17.601410,Short
Greedy,Minimax,player2,46,0.0005243135535198,1.0015807255454685,2025-12-15T18:27:40.649826,Short
Minimax,Greedy,player1,17,0.9604224628872342,0.0003169476985931,2025-12-15T18:27:49.296163,Short
Greedy,Minimax,player2,46,0.0003920430722443,1.0100559048030688,2025-12-15T18:28:12.536466,Short
Minimax,Greedy,player1,17,0.9685582319895426,0.0002586543560028,2025-12-15T18:28:21.257068,Short
Greedy,Minimax,player2,46,0.0001443469006082,1.0148567635080088,2025-12-15T18:28:44.602653,Short
Minimax,Greedy,player1,21,1.0803977792913264,0.0002662658691406,2025-12-15T18:28:56.489692,Short
Greedy,Minimax,player2,46,0.000145269476849,1.0001487109972085,2025-12-15T18:29:19.497486,Short
Minimax,Greedy,player1,21,1.0961067026311702,0.0004801273345947,2025-12-15T18:29:31.559461,Short
Greedy,Minimax,player2,46,0.0001807109169338,0.9981490425441576,2025-12-15T18:29:54.525858,Short
Minimax,Greedy,player1,49,1.121877155303955,6.478031476338704e-05,2025-12-15T18:30:22.574919,Short
Greedy,Minimax,player2,46,0.0002733209858769,0.9562516419783884,2025-12-15T18:30:44.576658,Short
Minimax,Greedy,player1,21,1.0664079622788862,0.000200605392456,2025-12-15T18:30:56.311144,Short
Greedy,Minimax,player2,46,0.000226995219355,0.9850773811340332,2025-12-15T18:31:18.974187,Short
Minimax,Greedy,player1,49,1.1208385562896728,0.0002573827902475,2025-12-15T18:31:47.001328,Short
Greedy,Minimax,player2,46,0.0002004789269488,1.0693380107050356,2025-12-15T18:32:11.602743,Short
Minimax,Greedy,player1,17,0.9871153831481934,0.0001298487186431,2025-12-15T18:32:20.487820,Short
AlphaBeta,Hybrid,player1,27,1.1007726873670305,0.1077731756063608,2025-12-15T17:58:23.383019,Short
Hybrid,AlphaBeta,player2,130,0.2562500366797814,2.5449086592747614,2025-12-15T18:01:25.469851,Long
AlphaBeta,Hybrid,player1,27,1.1231508595602853,0.1094325872567983,2025-12-15T18:01:42.619221,Short
Hybrid,AlphaBeta,player2,30,0.1974598884582519,1.4622125307718912,2025-12-15T18:02:07.514308,Short
AlphaBeta,Hybrid,player1,27,1.1231683152062553,0.1097070437211256,2025-12-15T18:02:24.666178,Short
Hybrid,AlphaBeta,player2,24,0.126236617565155,1.0798882047335308,2025-12-15T18:02:39.141264,Short
AlphaBeta,Hybrid,player1,27,1.1315330948148454,0.1094719996819129,2025-12-15T18:02:56.406374,Short
Hybrid,AlphaBeta,player2,24,0.1536078850428263,1.4944509466489155,2025-12-15T18:03:16.183080,Short
AlphaBeta,Hybrid,player1,27,1.1299577099936349,0.1115493774414062,2025-12-15T18:03:33.456305,Short
Hybrid,AlphaBeta,player2,44,0.1919940493323586,1.649439974264665,2025-12-15T18:04:13.970527,Short
AlphaBeta,Hybrid,player1,27,1.098874637058803,0.1085276787097637,2025-12-15T18:04:30.768713,Short
Hybrid,AlphaBeta,player2,62,0.2444246199823194,1.5026194510921356,2025-12-15T18:05:24.928157,Medium
AlphaBeta,Hybrid,player1,27,1.1116225719451904,0.1110279743488018,2025-12-15T18:05:41.936374,Short
Hybrid,AlphaBeta,player2,24,0.1382700403531392,1.1633296410242715,2025-12-15T18:05:57.556138,Short
AlphaBeta,Hybrid,player1,27,1.110615338597979,0.1065332155961256,2025-12-15T18:06:14.489685,Short
Hybrid,AlphaBeta,player2,24,0.1253519256909688,1.0563023090362549,2025-12-15T18:06:28.670560,Short
AlphaBeta,Hybrid,player1,27,1.1029924324580602,0.1116057726053091,2025-12-15T18:06:45.567643,Short
Hybrid,AlphaBeta,player2,26,0.1592038594759427,1.2879310571230376,2025-12-15T18:07:04.381971,Short
AlphaBeta,Hybrid,player1,27,1.0994162218911308,0.1102577722989595,2025-12-15T18:07:21.208181,Short
Hybrid,AlphaBeta,player2,20,0.180065369606018,1.0763664484024047,2025-12-15T18:07:33.772499,Short
AlphaBeta,Hybrid,player1,27,1.095421314239502,0.1054623310382549,2025-12-15T18:07:50.483016,Short
Hybrid,AlphaBeta,player2,24,0.1476324200630188,1.5032405257225037,2025-12-15T18:08:10.295059,Short
AlphaBeta,Hybrid,player1,27,1.096332311630249,0.1088388332953819,2025-12-15T18:08:27.059190,Short
Hybrid,AlphaBeta,player2,24,0.1389897664388021,1.5313918391863506,2025-12-15T18:08:47.104926,Short
AlphaBeta,Hybrid,player1,27,1.0867205006735663,0.1077194947462815,2025-12-15T18:09:03.720916,Short
Hybrid,AlphaBeta,player2,18,0.2923030853271484,0.747345871395535,2025-12-15T18:09:13.078297,Short
AlphaBeta,Hybrid,player1,27,1.089235816683088,0.1078372918642484,2025-12-15T18:09:29.731062,Short
Hybrid,AlphaBeta,player2,66,0.146636912316987,2.077428991144353,2025-12-15T18:10:43.128407,Medium
AlphaBeta,Hybrid,player1,27,1.0904214552470617,0.1107251644134521,2025-12-15T18:10:59.836417,Short
Hybrid,AlphaBeta,player2,44,0.1115427233956076,2.634449221871116,2025-12-15T18:12:00.249271,Short
AlphaBeta,Hybrid,player1,27,1.0823256969451904,0.1053402423858642,2025-12-15T18:12:16.771883,Short
Hybrid,AlphaBeta,player2,24,0.1405308445294698,1.136079529921214,2025-12-15T18:12:32.092764,Short
AlphaBeta,Hybrid,player1,27,1.072404912539891,0.103535377062284,2025-12-15T18:12:48.453621,Short
Hybrid,AlphaBeta,player2,26,0.162724678332989,1.2661681175231934,2025-12-15T18:13:07.030808,Short
DQN,MCTS-500,player1,71,0.0017633570565117,0.6616682597569057,2025-12-15T18:13:30.255313,Medium
MCTS-500,DQN,player1,115,0.5271810416517586,0.0017540120241934,2025-12-15T18:14:00.937611,Long
DQN,MCTS-500,player1,81,0.001631341329435,0.5835500597953797,2025-12-15T18:14:24.351822,Medium
MCTS-500,DQN,player1,133,0.3743596717492858,0.0016777623783458,2025-12-15T18:14:49.547419,Long
DQN,MCTS-500,player1,13,0.0016468933650425,0.9860626061757406,2025-12-15T18:14:55.475322,Short
MCTS-500,DQN,player1,73,0.5602912580644762,0.0017391575707329,2025-12-15T18:15:16.271250,Medium
DQN,MCTS-500,player1,13,0.0016273089817592,1.06584894657135,2025-12-15T18:15:22.679322,Short
MCTS-500,DQN,player1,115,0.4918318246972972,0.0018245169990941,2025-12-15T18:15:51.312765,Long
DQN,MCTS-500,player1,61,0.0017674815270208,0.7050487836201985,2025-12-15T18:16:12.522762,Medium
MCTS-500,DQN,player1,109,0.561737637086348,0.0017078938307585,2025-12-15T18:16:43.520803,Long
DQN,MCTS-500,player1,17,0.0016574594709608,1.371548742055893,2025-12-15T18:16:54.511211,Short
MCTS-500,DQN,player1,97,0.7298567830299845,0.0017986496289571,2025-12-15T18:17:30.365396,Medium
DQN,MCTS-500,player1,17,0.0018292003207736,1.46124467253685,2025-12-15T18:17:42.074392,Short
MCTS-500,DQN,player2,104,0.53221117074673,0.0016683752720172,2025-12-15T18:18:09.844074,Long
DQN,MCTS-500,player1,15,0.0013796687126159,0.8733861446380615,2025-12-15T18:18:15.970372,Short
MCTS-500,DQN,player2,60,0.665814208984375,0.0016753355662027,2025-12-15T18:18:35.997706,Medium
DQN,MCTS-500,player1,17,0.0016923745473225,0.8722085058689117,2025-12-15T18:18:42.991161,Short
MCTS-500,DQN,player1,101,0.4980233884325214,0.0015883827209472,2025-12-15T18:19:08.476623,Long
DQN,MCTS-500,player2,154,0.0016190819926076,0.4019907821308482,2025-12-15T18:19:39.566909,Long
MCTS-500,DQN,player1,75,0.5717875957489014,0.0017522541252342,2025-12-15T18:20:01.369213,Medium
DQN,MCTS-500,player1,15,0.0016340315341949,0.9804129941122872,2025-12-15T18:20:08.247169,Short
MCTS-500,DQN,player2,86,0.5562015522358029,0.0016505829123563,2025-12-15T18:20:32.241595,Medium
DQN,MCTS-500,player2,114,0.0017347628610175,0.4640012456659685,2025-12-15T18:20:58.792294,Long
MCTS-500,DQN,player2,110,0.4702028838070956,0.0015984231775457,2025-12-15T18:21:24.745965,Long
DQN,MCTS-500,player1,17,0.0012050469716389,1.0161633789539335,2025-12-15T18:21:32.888631,Short
MCTS-500,DQN,player1,107,0.4055923400101838,0.0016261046787477,2025-12-15T18:21:54.883799,Long
DQN,MCTS-500,player1,129,0.0016069742349477,0.3914972841739654,2025-12-15T18:22:20.047285,Long
MCTS-500,DQN,player1,115,0.4449573138664509,0.0016507474999678,2025-12-15T18:22:45.957851,Long
DQN,MCTS-500,player1,15,0.001737892627716,1.191768748419625,2025-12-15T18:22:54.314136,Short
MCTS-500,DQN,player1,109,0.4613257668235085,0.001674422511348,2025-12-15T18:23:19.790247,Long
DQN,MCTS-500,player1,15,0.0013392269611358,0.8673575265066964,2025-12-15T18:23:25.877827,Short
MCTS-500,DQN,player1,97,0.614401997352133,0.001730998357137,2025-12-15T18:23:56.072370,Medium
DQN,MCTS-500,player1,17,0.0014163388146294,0.7893321216106415,2025-12-15T18:24:02.400319,Short
MCTS-500,DQN,player2,124,0.4029481410980224,0.00156396050607,2025-12-15T18:24:27.488037,Long
Hybrid,MCTS-500,player1,13,0.2535826138087681,0.9063706000645956,2025-12-15T18:24:34.702023,Short
MCTS-500,Hybrid,player2,16,0.8470785021781921,0.3225272893905639,2025-12-15T18:24:44.058870,Short
Hybrid,MCTS-500,player1,15,0.2602705359458923,0.910926001412528,2025-12-15T18:24:52.519110,Short
MCTS-500,Hybrid,player2,24,0.9929320414861044,0.4036787350972493,2025-12-15T18:25:09.280010,Short
Hybrid,MCTS-500,player1,13,0.2749607903616769,1.0850167274475098,2025-12-15T18:25:17.716483,Short
MCTS-500,Hybrid,player2,12,0.7206550041834513,0.2640877564748128,2025-12-15T18:25:23.626535,Short
Hybrid,MCTS-500,player1,17,0.2923040125105116,1.1100236177444458,2025-12-15T18:25:35.137460,Short
MCTS-500,Hybrid,player2,14,0.8677295616694859,0.3121838910239083,2025-12-15T18:25:43.398438,Short
Hybrid,MCTS-500,player1,11,0.2802290916442871,1.117915678024292,2025-12-15T18:25:50.669392,Short
MCTS-500,Hybrid,player2,14,0.7755004678453717,0.2967691762106759,2025-12-15T18:25:58.175279,Short
Hybrid,MCTS-500,player1,19,0.2676697492599487,0.8846612241533067,2025-12-15T18:26:08.815034,Short
MCTS-500,Hybrid,player2,12,0.921465833981832,0.2856866121292114,2025-12-15T18:26:16.059951,Short
Hybrid,MCTS-500,player1,17,0.292944245868259,0.9502548575401306,2025-12-15T18:26:26.299138,Short
MCTS-500,Hybrid,player2,16,0.9333835542201996,0.3423420488834381,2025-12-15T18:26:36.505515,Short
Hybrid,MCTS-500,player1,25,0.3305787673363319,1.1434051394462583,2025-12-15T18:26:54.524984,Short
MCTS-500,Hybrid,player2,14,0.873713493347168,0.3400905472891671,2025-12-15T18:27:03.022613,Short
Hybrid,MCTS-500,player1,13,0.2579328332628522,0.993806759516398,2025-12-15T18:27:10.793514,Short
MCTS-500,Hybrid,player2,18,0.6956155300140381,0.284508572684394,2025-12-15T18:27:19.614631,Short
Hybrid,MCTS-500,player1,15,0.3009860813617706,0.9882635389055524,2025-12-15T18:27:28.940365,Short
MCTS-500,Hybrid,player2,12,0.6621158917744955,0.2564838329950968,2025-12-15T18:27:34.453943,Short
Hybrid,MCTS-500,player1,15,0.2851935923099518,0.9299443108694894,2025-12-15T18:27:43.246125,Short
MCTS-500,Hybrid,player2,16,0.7528552711009979,0.3014693558216095,2025-12-15T18:27:51.683929,Short
Hybrid,MCTS-500,player1,13,0.2609427997044155,1.0541527271270752,2025-12-15T18:27:59.836445,Short
MCTS-500,Hybrid,player2,12,0.8926105499267578,0.2988492647806803,2025-12-15T18:28:06.985204,Short
Hybrid,MCTS-500,player1,17,0.2801013522677951,1.061844438314438,2025-12-15T18:28:18.002390,Short
MCTS-500,Hybrid,player2,14,0.9233722686767578,0.2895186288016183,2025-12-15T18:28:26.493685,Short
Hybrid,MCTS-500,player1,23,0.3422429760297139,1.10626127503135,2025-12-15T18:28:42.769475,Short
MCTS-500,Hybrid,player2,12,0.7192269961039225,0.2518734534581502,2025-12-15T18:28:48.600347,Short
Hybrid,MCTS-500,player1,19,0.2687848091125488,0.9084811210632324,2025-12-15T18:28:59.465568,Short
MCTS-500,Hybrid,player2,14,0.6506226403372628,0.3263044357299804,2025-12-15T18:29:06.305083,Short
Hybrid,MCTS-500,player1,25,0.3118988734025221,0.9586980740229288,2025-12-15T18:29:21.864723,Short
MCTS-500,Hybrid,player2,14,0.803213255746024,0.3443095002855573,2025-12-15T18:29:29.897383,Short
Hybrid,MCTS-500,player1,15,0.3352420628070831,1.0594059058598109,2025-12-15T18:29:39.997765,Short
MCTS-500,Hybrid,player2,14,0.8312399046761649,0.2980531624385288,2025-12-15T18:29:47.902816,Short
AlphaBeta,MCTS-500,player1,9,0.460023832321167,1.0665448904037476,2025-12-15T17:58:13.135063,Short
MCTS-500,AlphaBeta,player2,10,0.9399278163909912,0.9807148456573488,2025-12-15T17:58:22.740390,Short
AlphaBeta,MCTS-500,player1,9,0.5470789909362793,0.8945833444595337,2025-12-15T17:58:29.054118,Short
MCTS-500,AlphaBeta,player2,10,0.6329631328582763,0.986986494064331,2025-12-15T17:58:37.153866,Short
AlphaBeta,MCTS-500,player1,9,0.4731671810150146,0.5549705624580383,2025-12-15T17:58:41.741107,Short
MCTS-500,AlphaBeta,player2,12,0.8065669139226278,1.110752781232198,2025-12-15T17:58:53.248702,Short
AlphaBeta,MCTS-500,player1,9,0.4748527526855469,1.059054434299469,2025-12-15T17:58:59.861205,Short
MCTS-500,AlphaBeta,player2,10,0.9992644786834716,1.1104165077209474,2025-12-15T17:59:10.410815,Short
AlphaBeta,MCTS-500,player1,9,0.5344323635101318,0.7725076675415039,2025-12-15T17:59:16.174052,Short
MCTS-500,AlphaBeta,player2,10,0.8965587615966797,0.9115090370178224,2025-12-15T17:59:25.214391,Short
AlphaBeta,MCTS-500,player1,11,0.6385192076365153,0.9996953964233398,2025-12-15T17:59:34.044995,Short
MCTS-500,AlphaBeta,player2,10,0.615125036239624,0.93229923248291,2025-12-15T17:59:41.784216,Short
AlphaBeta,MCTS-500,player1,9,0.4596316814422607,1.2948428988456726,2025-12-15T17:59:49.263347,Short
MCTS-500,AlphaBeta,player2,10,0.7856428623199463,0.9010399341583252,2025-12-15T17:59:57.697341,Short
AlphaBeta,MCTS-500,player1,11,0.9264585177103678,0.8775059223175049,2025-12-15T18:00:07.643621,Short
MCTS-500,AlphaBeta,player2,10,0.801124382019043,0.7622249603271485,2025-12-15T18:00:15.460368,Short
AlphaBeta,MCTS-500,player1,9,0.4928698062896728,1.0460102558135986,2025-12-15T18:00:22.109795,Short
MCTS-500,AlphaBeta,player2,10,0.7606615543365478,0.9582527160644532,2025-12-15T18:00:30.704935,Short
AlphaBeta,MCTS-500,player1,9,0.4769786357879638,1.0979965925216677,2025-12-15T18:00:37.481814,Short
MCTS-500,AlphaBeta,player2,12,0.8865437110265096,1.069756825764974,2025-12-15T18:00:49.220187,Short
AlphaBeta,MCTS-500,player1,9,0.5447335243225098,0.956934928894043,2025-12-15T18:00:55.773659,Short
MCTS-500,AlphaBeta,player2,12,0.6208996772766113,0.9688820838928224,2025-12-15T18:01:05.313828,Short
AlphaBeta,MCTS-500,player1,9,0.4922584056854248,0.6058571934700012,2025-12-15T18:01:10.199582,Short
MCTS-500,AlphaBeta,player2,10,0.784409475326538,0.8880663871765136,2025-12-15T18:01:18.563575,Short
AlphaBeta,MCTS-500,player1,9,0.5548474788665771,1.0504834055900574,2025-12-15T18:01:25.539746,Short
MCTS-500,AlphaBeta,player2,10,0.8866068840026855,1.017290258407593,2025-12-15T18:01:35.061296,Short
AlphaBeta,MCTS-500,player1,9,0.5457463264465332,1.1358412504196167,2025-12-15T18:01:42.333392,Short
MCTS-500,AlphaBeta,player2,10,0.8407352447509766,1.0916184902191162,2025-12-15T18:01:51.997281,Short
AlphaBeta,MCTS-500,player1,9,0.6485763549804687,0.9430058002471924,2025-12-15T18:01:59.013777,Short
MCTS-500,AlphaBeta,player2,10,1.083125638961792,0.9210114002227784,2025-12-15T18:02:09.035061,Short
AlphaBeta,MCTS-500,player1,9,0.4823574066162109,1.228098452091217,2025-12-15T18:02:16.360389,Short
MCTS-500,AlphaBeta,player2,10,0.8733851909637451,1.3663615226745605,2025-12-15T18:02:27.559122,Short
AlphaBeta,MCTS-500,player1,9,0.5022833824157715,1.2402759194374084,2025-12-15T18:02:35.033232,Short
MCTS-500,AlphaBeta,player2,10,0.8009027481079102,0.8515207290649414,2025-12-15T18:02:43.295350,Short
DQN,Minimax,player2,12,0.0015644232432047,0.9237945079803468,2025-12-15T18:02:48.849585,Short
Minimax,DQN,player1,9,0.510584545135498,0.0014587044715881,2025-12-15T18:02:51.409339,Short
DQN,Minimax,player2,12,0.0013590653737386,0.9208647012710572,2025-12-15T18:02:56.944219,Short
Minimax,DQN,player1,9,0.5106496810913086,0.0012065768241882,2025-12-15T18:02:59.504896,Short
DQN,Minimax,player2,12,0.0011519193649291,0.9313387870788574,2025-12-15T18:03:05.099840,Short
Minimax,DQN,player1,9,0.51201491355896,0.0013014078140258,2025-12-15T18:03:07.667575,Short
DQN,Minimax,player2,12,0.0012483596801757,0.9230759541193644,2025-12-15T18:03:13.213521,Short
Minimax,DQN,player1,9,0.500382661819458,0.0010480284690856,2025-12-15T18:03:15.720640,Short
DQN,Minimax,player2,12,0.0014205773671468,0.9169894456863404,2025-12-15T18:03:21.231100,Short
Minimax,DQN,player1,9,0.5227729797363281,0.0009514093399047,2025-12-15T18:03:23.848771,Short
DQN,Minimax,player2,12,0.0012678702672322,0.9304620822270712,2025-12-15T18:03:29.439728,Short
Minimax,DQN,player1,9,0.5105966091156006,0.0014615058898925,2025-12-15T18:03:31.999560,Short
DQN,Minimax,player2,12,0.0012075503667195,0.9206163088480632,2025-12-15T18:03:37.532567,Short
Minimax,DQN,player1,9,0.5147377014160156,0.0019212365150451,2025-12-15T18:03:40.113940,Short
DQN,Minimax,player2,12,0.0014677047729492,0.9146665334701538,2025-12-15T18:03:45.611317,Short
Minimax,DQN,player1,9,0.5068736553192139,0.0017075538635253,2025-12-15T18:03:48.153044,Short
DQN,Minimax,player2,12,0.0019636154174804,0.9202651182810464,2025-12-15T18:03:53.689012,Short
Minimax,DQN,player1,9,0.507395601272583,0.0015313029289245,2025-12-15T18:03:56.232115,Short
DQN,Minimax,player2,12,0.0015246470769246,0.8944043715794882,2025-12-15T18:04:01.608208,Short
Minimax,DQN,player1,9,0.4932520866394043,0.0014193654060363,2025-12-15T18:04:04.081883,Short
DQN,Minimax,player2,12,0.0013653437296549,0.8910141785939535,2025-12-15T18:04:09.436160,Short
Minimax,DQN,player1,9,0.504378366470337,0.001408576965332,2025-12-15T18:04:11.966235,Short
DQN,Minimax,player2,12,0.0014280478159586,0.91044286886851,2025-12-15T18:04:17.437460,Short
Minimax,DQN,player1,9,0.4991786956787109,0.0020030736923217,2025-12-15T18:04:19.941366,Short
DQN,Minimax,player2,12,0.0016151666641235,0.8972313006718954,2025-12-15T18:04:25.337515,Short
Minimax,DQN,player1,9,0.4993814468383789,0.0015602707862854,2025-12-15T18:04:27.842752,Short
DQN,Minimax,player2,12,0.0011224746704101,0.8887346585591634,2025-12-15T18:04:33.181894,Short
Minimax,DQN,player1,9,0.4960168838500977,0.0017794370651245,2025-12-15T18:04:35.669097,Short
DQN,Minimax,player2,12,0.0014179547627766,0.9052867889404296,2025-12-15T18:04:41.110807,Short
Minimax,DQN,player1,9,0.4921445846557617,0.0018832087516784,2025-12-15T18:04:43.579062,Short
DQN,Minimax,player2,12,0.0014799038569132,0.892681360244751,2025-12-15T18:04:48.945272,Short
Minimax,DQN,player1,9,0.4941399574279785,0.0015274882316589,2025-12-15T18:04:51.423201,Short
DQN,Minimax,player2,12,0.0016865332921346,0.8895184199015299,2025-12-15T18:04:56.770431,Short
Minimax,DQN,player1,9,0.4884279727935791,0.0015726685523986,2025-12-15T18:04:59.218862,Short
Hybrid,Minimax,player2,36,0.1870448986689249,1.2922886212666829,2025-12-15T18:05:25.848963,Short
Minimax,Hybrid,player1,27,1.063067878995623,0.1095916307889498,2025-12-15T18:05:42.157695,Short
Hybrid,Minimax,player2,22,0.3049374927173961,1.0414871302517978,2025-12-15T18:05:56.972519,Short
Minimax,Hybrid,player1,27,1.060538649559021,0.1053551343771127,2025-12-15T18:06:13.190778,Short
Hybrid,Minimax,player2,24,0.1763233343760172,1.44465970993042,2025-12-15T18:06:32.643729,Short
Minimax,Hybrid,player1,27,1.0576006174087524,0.1023586713350736,2025-12-15T18:06:48.781856,Short
Hybrid,Minimax,player1,31,0.2395682036876678,1.0842605590820311,2025-12-15T18:07:08.880927,Short
Minimax,Hybrid,player1,27,1.0401888745171683,0.1017039188971886,2025-12-15T18:07:24.766295,Short
Hybrid,Minimax,player2,24,0.1088622212409973,1.305950919787089,2025-12-15T18:07:41.745129,Short
Minimax,Hybrid,player1,27,1.0374472311564855,0.1012586813706618,2025-12-15T18:07:57.589456,Short
Hybrid,Minimax,player2,44,0.2422537803649902,1.32286845554005,2025-12-15T18:08:32.026350,Short
Minimax,Hybrid,player1,27,1.0504583631243023,0.1017571045802189,2025-12-15T18:08:48.056198,Short
Hybrid,Minimax,player2,20,0.2268544435501098,1.0580642223358154,2025-12-15T18:09:00.905384,Short
Minimax,Hybrid,player1,27,1.0480945621218,0.1029600546910212,2025-12-15T18:09:16.917791,Short
Hybrid,Minimax,player2,24,0.1573742826779683,1.454663077990214,2025-12-15T18:09:36.262240,Short
Minimax,Hybrid,player1,27,1.0403608254023962,0.1027850187741793,2025-12-15T18:09:52.163496,Short
Hybrid,Minimax,player2,20,0.2456618309020996,0.9984458208084106,2025-12-15T18:10:04.606174,Short
Minimax,Hybrid,player1,27,1.0429803473608834,0.1058887701768141,2025-12-15T18:10:20.585036,Short
Hybrid,Minimax,player2,48,0.2572334706783294,1.3864044447739918,2025-12-15T18:11:00.034559,Short
Minimax,Hybrid,player1,27,1.040269204548427,0.1054187554579514,2025-12-15T18:11:15.971883,Short
Hybrid,Minimax,player2,36,0.2623933023876614,1.2727486160066392,2025-12-15T18:11:43.606624,Short
Minimax,Hybrid,player1,27,1.0425142730985368,0.1010502301729642,2025-12-15T18:11:59.516601,Short
Hybrid,Minimax,player1,31,0.2462633401155471,1.0819617589314778,2025-12-15T18:12:19.686241,Short
Minimax,Hybrid,player1,27,1.0403647593089511,0.1015719450437105,2025-12-15T18:12:35.573320,Short
Hybrid,Minimax,player2,16,0.2187191545963287,1.0448153614997864,2025-12-15T18:12:45.683064,Short
Minimax,Hybrid,player1,27,1.0393399851662772,0.1012980387761042,2025-12-15T18:13:01.552389,Short
Hybrid,Minimax,player2,24,0.1097876032193501,1.3106680909792583,2025-12-15T18:13:18.599571,Short
Minimax,Hybrid,player1,27,1.045759184019906,0.10324188379141,2025-12-15T18:13:34.583942,Short
Hybrid,Minimax,player2,20,0.243097186088562,1.0203853130340577,2025-12-15T18:13:47.219297,Short
Minimax,Hybrid,player1,27,1.0444860288075035,0.10569900732774,2025-12-15T18:14:03.219279,Short
Hybrid,Minimax,player2,22,0.1115871126001531,1.0744558030908755,2025-12-15T18:14:16.266295,Short
Minimax,Hybrid,player1,27,1.0446952411106654,0.1109307729280912,2025-12-15T18:14:32.335168,Short
Hybrid,Minimax,player2,16,0.187976986169815,1.1359239220619202,2025-12-15T18:14:42.928436,Short
Minimax,Hybrid,player1,27,1.031855923788888,0.1054533628317026,2025-12-15T18:14:58.745892,Short
AlphaBeta,Minimax,player1,69,1.8398175648280557,0.9185111592797672,2025-12-15T17:59:42.215289,Medium
Minimax,AlphaBeta,player1,17,1.0759776168399386,1.1697232723236084,2025-12-15T18:00:01.259012,Short
AlphaBeta,Minimax,player1,69,1.875257022040231,0.9369468408472398,2025-12-15T18:01:38.752963,Medium
Minimax,AlphaBeta,player1,23,1.0405930876731873,1.049946438182484,2025-12-15T18:02:02.789491,Short
AlphaBeta,Minimax,player1,57,1.949704729277512,1.0120254584721156,2025-12-15T18:03:27.670835,Medium
Minimax,AlphaBeta,player1,23,1.0292467872301738,1.0517734614285557,2025-12-15T18:03:51.593869,Short
AlphaBeta,Minimax,player1,69,1.8276383263724192,0.9143625077079324,2025-12-15T18:05:26.650111,Medium
Minimax,AlphaBeta,player1,17,1.0565765168931749,1.147097498178482,2025-12-15T18:05:45.337139,Short
AlphaBeta,Minimax,player1,69,1.8341108390263148,0.9149197900996489,2025-12-15T18:07:20.644232,Medium
Minimax,AlphaBeta,player1,23,1.0126442114512126,1.0141783627596768,2025-12-15T18:07:43.956181,Short
AlphaBeta,Minimax,player1,69,1.8342407839638848,0.9123874131370994,2025-12-15T18:09:19.181041,Medium
Minimax,AlphaBeta,player1,23,1.0035540064175923,1.0177222381938589,2025-12-15T18:09:42.418634,Short
AlphaBeta,Minimax,player1,69,1.8185611588614328,0.9151555510128244,2025-12-15T18:11:17.185740,Medium
Minimax,AlphaBeta,player1,23,1.001237392425537,1.0125719850713557,2025-12-15T18:11:40.339417,Short
AlphaBeta,Minimax,player1,69,1.8109869275774275,0.904781369601979,2025-12-15T18:13:14.490241,Medium
Minimax,AlphaBeta,player1,23,1.009292741616567,1.029735088348389,2025-12-15T18:13:37.929795,Short
AlphaBeta,Minimax,player1,69,1.8258473805018836,0.9104135597453398,2025-12-15T18:15:12.792192,Medium
Minimax,AlphaBeta,player1,23,0.984538515408834,0.991493593562733,2025-12-15T18:15:35.516273,Short
AlphaBeta,Minimax,player2,58,1.3291670371746194,1.3610019848264496,2025-12-15T18:16:53.532782,Medium
Minimax,AlphaBeta,player1,35,1.428148004743788,1.1900285552529728,2025-12-15T18:17:39.471197,Short
AlphaBeta,Minimax,player2,178,1.8518933178333756,1.6023033522488026,2025-12-15T18:22:46.900489,Long
Minimax,AlphaBeta,player1,23,0.973008155822754,0.9754525964910332,2025-12-15T18:23:09.307629,Short
AlphaBeta,Minimax,player2,176,1.9096147065812887,1.599300503730774,2025-12-15T18:28:18.106923,Long
Minimax,AlphaBeta,player1,23,0.970656176408132,0.987796046517112,2025-12-15T18:28:40.620554,Short
AlphaBeta,Minimax,player2,62,1.6278313436815817,1.3798608779907229,2025-12-15T18:30:13.861559,Medium
Minimax,AlphaBeta,player1,23,0.9290510813395182,0.9343922354958274,2025-12-15T18:30:35.288487,Short
AlphaBeta,Minimax,player2,66,1.67613799644239,1.3050872340346829,2025-12-15T18:32:13.670502,Medium
Minimax,AlphaBeta,player1,23,0.9835103352864584,0.9727585315704346,2025-12-15T18:32:36.175097,Short
AlphaBeta,Minimax,player2,62,1.5744853558078888,1.2821293953926332,2025-12-15T18:34:04.733201,Medium
Minimax,AlphaBeta,player1,49,1.248998336791992,1.0362512667973836,2025-12-15T18:35:00.828190,Short
AlphaBeta,Minimax,player2,66,1.3444757317051743,1.3087461789449055,2025-12-15T18:36:28.389253,Medium
Minimax,AlphaBeta,player1,49,1.2423580837249757,1.0355550746122997,2025-12-15T18:37:24.303636,Short
AlphaBeta,Minimax,player2,66,1.3449611808314468,1.3096181334871235,2025-12-15T18:38:51.910029,Medium
Minimax,AlphaBeta,player1,49,1.2364077854156494,1.0254810651143391,2025-12-15T18:39:47.431770,Short
Greedy,Hybrid,player1,69,0.0002853666033063,0.2815150723737828,2025-12-15T18:39:57.017922,Medium
Hybrid,Greedy,player1,45,0.4224789971890657,8.251450278542258e-05,2025-12-15T18:40:06.738289,Short
Greedy,Hybrid,player2,78,0.0003630136832212,0.213165955665784,2025-12-15T18:40:15.070551,Medium
Hybrid,Greedy,player2,26,0.1253815797659067,0.0002401241889366,2025-12-15T18:40:16.703633,Short
Greedy,Hybrid,player2,54,0.0003787146674262,0.2271073306048358,2025-12-15T18:40:22.846843,Medium
Hybrid,Greedy,player1,33,0.1176972669713637,0.0004431754350662,2025-12-15T18:40:24.854788,Short
Greedy,Hybrid,player2,54,0.0003613101111518,0.2286391169936568,2025-12-15T18:40:31.037799,Medium
Hybrid,Greedy,player1,21,0.2247400067069313,0.0002546787261962,2025-12-15T18:40:33.514904,Short
Greedy,Hybrid,player2,68,0.0002285662819357,0.2804943884120268,2025-12-15T18:40:43.068437,Medium
Hybrid,Greedy,player1,33,0.1631598051856546,0.0002262145280838,2025-12-15T18:40:45.847324,Short
Greedy,Hybrid,player2,58,0.0001574713608314,0.2620804803124789,2025-12-15T18:40:53.458108,Medium
Hybrid,Greedy,player1,29,0.1989936987559,0.0001446860177176,2025-12-15T18:40:56.446590,Short
Greedy,Hybrid,player2,68,0.0001054651596966,0.2865308663424323,2025-12-15T18:41:06.194800,Medium
Hybrid,Greedy,player1,21,0.2184416814283891,5.5861473083496096e-05,2025-12-15T18:41:08.599341,Short
Greedy,Hybrid,player2,66,0.0002314827658913,0.2748943097663648,2025-12-15T18:41:17.681643,Medium
Hybrid,Greedy,player1,37,0.2756772417771189,0.0002613729900783,2025-12-15T18:41:22.925286,Short
Greedy,Hybrid,player2,88,0.0003609819845719,0.1681419665163213,2025-12-15T18:41:30.346208,Medium
Hybrid,Greedy,player2,28,0.1033904552459716,0.0001835823059082,2025-12-15T18:41:31.796245,Short
Greedy,Hybrid,player2,54,0.0003344217936197,0.2199872511404532,2025-12-15T18:41:37.745967,Medium
Hybrid,Greedy,player1,23,0.1726002097129821,0.0001062696630304,2025-12-15T18:41:39.820442,Short
Greedy,Hybrid,player2,54,0.0002219235455548,0.220594565073649,2025-12-15T18:41:45.785724,Medium
Hybrid,Greedy,player1,71,0.1817447278234693,0.0002085277012416,2025-12-15T18:41:52.337469,Medium
Greedy,Hybrid,player2,68,0.0003267456503475,0.2854352418114157,2025-12-15T18:42:02.057020,Medium
Hybrid,Greedy,player1,49,0.2567906188964843,0.0001395344734191,2025-12-15T18:42:08.485880,Short
Greedy,Hybrid,player2,54,0.000195132361518,0.2227244112226698,2025-12-15T18:42:14.509910,Medium
Hybrid,Greedy,player2,24,0.0868414839108785,0.0002127091089884,2025-12-15T18:42:15.555084,Short
Greedy,Hybrid,player2,68,0.000333218013539,0.2747345952426686,2025-12-15T18:42:24.910049,Medium
Hybrid,Greedy,player1,71,0.151864382955763,0.0001814842224121,2025-12-15T18:42:30.390423,Medium
Greedy,Hybrid,player2,94,0.0004647285380262,0.2594434098994478,2025-12-15T18:42:42.609266,Medium
Hybrid,Greedy,player1,45,0.4170872335848601,0.000275427644903,2025-12-15T18:42:52.209379,Short
Greedy,Hybrid,player2,54,0.0002605296947337,0.2101186204839635,2025-12-15T18:42:57.892233,Medium
Hybrid,Greedy,player1,75,0.1729596665031031,0.0002055361464216,2025-12-15T18:43:04.474984,Medium
Greedy,Hybrid,player2,54,0.000270234213935,0.2247297940430817,2025-12-15T18:43:10.553069,Medium
Hybrid,Greedy,player1,29,0.2905193646748861,0.0001311983380998,2025-12-15T18:43:14.913673,Short
MCTS-500,Minimax,player2,10,0.8629840850830078,0.624765157699585,2025-12-15T18:43:22.353431,Short
Minimax,MCTS-500,player1,9,0.4803361892700195,0.8321672677993774,2025-12-15T18:43:28.084346,Short
MCTS-500,Minimax,player2,14,0.74250670841762,1.1343647752489363,2025-12-15T18:43:41.224041,Short
Minimax,MCTS-500,player1,9,0.6202890872955322,0.978145718574524,2025-12-15T18:43:48.240750,Short
MCTS-500,Minimax,player2,12,0.7230715354283651,0.7249323129653931,2025-12-15T18:43:56.929893,Short
Minimax,MCTS-500,player1,9,0.4716588973999023,0.6588999032974243,2025-12-15T18:44:01.923787,Short
MCTS-500,Minimax,player2,10,0.9115869045257567,0.6455854415893555,2025-12-15T18:44:09.710730,Short
Minimax,MCTS-500,player1,9,0.6604050159454345,1.001665115356445,2025-12-15T18:44:17.019416,Short
MCTS-500,Minimax,player2,10,0.6345135688781738,0.736083984375,2025-12-15T18:44:23.872403,Short
Minimax,MCTS-500,player1,9,0.4176648616790771,0.9072245955467224,2025-12-15T18:44:29.589626,Short
MCTS-500,Minimax,player2,10,0.6285340785980225,0.6999460697174072,2025-12-15T18:44:36.232027,Short
Minimax,MCTS-500,player1,11,0.777306079864502,0.9201627731323242,2025-12-15T18:44:45.496677,Short
MCTS-500,Minimax,player2,10,0.8126567363739013,0.9240214347839356,2025-12-15T18:44:54.180068,Short
Minimax,MCTS-500,player1,9,0.749117660522461,1.0155725479125977,2025-12-15T18:45:01.987947,Short
MCTS-500,Minimax,player2,10,0.542322826385498,0.9069513320922852,2025-12-15T18:45:09.235934,Short
Minimax,MCTS-500,player1,9,0.4201426982879638,0.7693222165107727,2025-12-15T18:45:14.414951,Short
MCTS-500,Minimax,player2,12,0.6847606897354126,1.0804643233617146,2025-12-15T18:45:25.006823,Short
Minimax,MCTS-500,player1,9,0.4094924449920654,0.7131608724594116,2025-12-15T18:45:29.906929,Short
MCTS-500,Minimax,player2,10,0.537782621383667,0.9212220191955568,2025-12-15T18:45:37.203632,Short
Minimax,MCTS-500,player1,9,0.4010445117950439,0.8618194460868835,2025-12-15T18:45:42.656900,Short
MCTS-500,Minimax,player2,12,0.6776593128840128,0.8728105624516805,2025-12-15T18:45:51.962926,Short
Minimax,MCTS-500,player1,9,0.4701780796051025,0.8870877027511597,2025-12-15T18:45:57.863164,Short
MCTS-500,Minimax,player2,10,0.4534248828887939,0.6709520816802979,2025-12-15T18:46:03.485049,Short
Minimax,MCTS-500,player1,9,0.6734375,0.8786630034446716,2025-12-15T18:46:10.366889,Short
MCTS-500,Minimax,player2,10,0.7619697570800781,0.9938955307006836,2025-12-15T18:46:19.149785,Short
Minimax,MCTS-500,player1,11,0.7911683718363444,0.8227744579315186,2025-12-15T18:46:28.015017,Short
MCTS-500,Minimax,player2,10,0.7571994304656983,0.89234299659729,2025-12-15T18:46:36.262729,Short
Minimax,MCTS-500,player1,9,0.3946248531341553,1.053925335407257,2025-12-15T18:46:42.451555,Short
MCTS-500,Minimax,player2,10,0.7660155296325684,0.8464056968688964,2025-12-15T18:46:50.513661,Short
Minimax,MCTS-500,player1,11,0.5434208313624064,1.0029017925262451,2025-12-15T18:46:58.789230,Short
MCTS-500,Minimax,player2,10,0.6403988361358642,0.7921774864196778,2025-12-15T18:47:05.953224,Short
Minimax,MCTS-500,player1,9,0.6699765205383301,1.1356647610664368,2025-12-15T18:47:13.848361,Short
MCTS-500,Minimax,player2,10,0.7489113807678223,0.8131264209747314,2025-12-15T18:47:21.661750,Short
Minimax,MCTS-500,player1,9,0.4090946674346923,0.908357322216034,2025-12-15T18:47:27.340653,Short
